user_id,product_id,rating,timestamp
A2JXVM40EIV9F6,B00093IIRA,5.0,2007-02-19
AN503ACH2N949,B004I5BUSO,5.0,2012-12-07
A3CD3LQQT05APQ,B0074BW614,4.0,2014-03-03
A5X444UZBWXW2,B00I03J1HM,2.0,2014-07-08
AHFMRGO3DMPEE,B00006JQ06,5.0,2008-04-28
A13EWTL0IX1G4N,B002V88HFE,5.0,2013-07-11
A31PP1LB2A8WR4,B001KN6WL2,1.0,2009-05-15
A34BZM6S9L7QI4,B005EJLFXI,3.0,2012-08-23
A26EYUAGV06AZP,B00INNP5VU,5.0,2014-05-04
A3HPCRD9RX351S,B00330O2U8,4.0,2010-12-31
A1ZXMMQPYC3Z9I,B003DNYW5A,4.0,2010-12-15
A63T7R9INPATG,B0011FQURK,1.0,2011-10-06
AGPVG6ZHO1FPJ,B001O9X9EU,5.0,2013-08-26
AD6IW4HGRY4M9,B002S53LJ2,5.0,2014-02-22
A27JXR6QL0I80S,B006EKIQYM,5.0,2012-11-08
AYZWH0EYHFTPG,B000LRMS66,5.0,2014-01-21
AT9BM7G3JGKKM,B000YBH4YU,4.0,2012-09-19
AA7L81AIMR3AP,B003WOL4VK,5.0,2012-06-04
A2RU4U1JZ3DMP5,B002JCSV8A,5.0,2012-05-20
A1I7B91RRJSCUB,B005KOZNBW,5.0,2013-07-09
A1YSW9PRT9HECP,B000VZCEUI,4.0,2009-03-19
A3A5MBN6BF5PZD,B003SX0P1A,5.0,2012-12-28
A2KQ9FU7M6IX2X,B000MS3VGA,3.0,2009-08-31
A1KXJCXS6HFRQZ,B001E1Y5O6,5.0,2010-12-11
A2UUB3HEWFX8FA,B0040702HA,2.0,2011-08-19
A1B1FUA0CR7LGK,B00H1OQX6I,2.0,2014-05-10
AYQYLXM9FCTDZ,B0081H8TRA,5.0,2013-02-28
A1AG4715US6IFS,B00406YHLI,5.0,2014-02-14
AZH3R2FFYHRHE,B00CD8ADKO,4.0,2014-04-03
A1QLG7L51PBPML,B003ES5ZUU,4.0,2013-12-02
A1RL1OTV8IJMVD,B002R5AM7C,2.0,2010-05-24
AI41T75WNFKBF,B005C31HC0,4.0,2013-09-06
A2HSR6AJSDG5X0,B00AWKC0JM,5.0,2014-04-20
A27Z4MOUODNR4A,B006ZZ2V9M,4.0,2013-02-22
A1XQHW9FK8EATS,B002WE6D44,5.0,2013-12-26
A3QNX5KWHDV0GD,B00889ST2G,5.0,2012-12-27
A2B1H61OAR00SB,B004WY83FO,5.0,2013-02-26
A35PL6PRWEZUA1,B002KFZSKA,5.0,2010-11-07
ADZF3QDGSZE7K,B003XIJ3MW,5.0,2013-10-28
A2AGI5DX5BKE7I,B005FUNYSA,5.0,2013-07-25
A6FIAB28IS79,B0011ZK6PC,5.0,2008-05-01
A1ZIIAOOIQYS3C,B004T0EQP2,4.0,2012-09-25
A1VZKPE95PCIS7,B003WOL4VK,4.0,2013-04-20
AI5208YCP6HCZ,B009A5204K,4.0,2013-08-02
A3LYRASFZDO261,B004IZN3WU,5.0,2011-05-02
ACSX5AIZE3MJ9,B008BDBPTS,2.0,2012-09-13
A31OQEN2R4QZKE,B005LFT3GG,5.0,2014-06-27
ALV36ZC8V0GZI,B003ES5ZUU,5.0,2014-01-08
A1NC86NFVMWNHN,B005CWJB5G,5.0,2012-12-15
AHVXOL1RUWYHR,B000ZH98LU,3.0,2009-02-24
A1ABFSMJXU2VPN,B000CKVOOY,1.0,2013-05-01
A3LLDR76NPRQUN,B00622AG6S,5.0,2012-12-27
ADLVFFE4VBT8,B003Y74AXO,3.0,2011-02-12
A368J2Q82G8ATM,B00009EHJV,3.0,2014-03-19
A3EDYCF19JDSTU,B00FDLHNHO,4.0,2014-05-22
ASI69ZJZ1SNAG,B000652M6Y,5.0,2013-03-02
A3KZ7OH4VRL048,B0015DYMVO,5.0,2013-05-08
AJJ4Z626IVKNZ,B000CRFOMK,5.0,2013-02-09
A1PKC189XN1Q8,B0057WXF6C,2.0,2013-11-30
A3EFJFOKHPWEUC,B0028ACYEK,2.0,2012-03-07
A2XJP3MRBSGYKT,B000LQFI2I,5.0,2012-02-03
A1CSXI7MKL6UKR,B003XE3X8Q,4.0,2014-07-01
A2IR4LOEB7ED49,B0087NZ31S,4.0,2013-07-08
A1GWUSPAM0RJVB,B0057WXF6C,5.0,2013-08-02
AKT8TGIT6VVZ5,B00BOHNYTW,5.0,2014-05-14
A3AYSYSLHU26U9,B002XVUTPK,5.0,2013-08-13
A12MY9RQ8J6R1B,B004M8SSZK,5.0,2014-03-06
A306YUQBEB2R9T,B003LVZO8S,5.0,2012-02-19
A19MGV2QL6QV88,B0049S6ZUS,5.0,2012-11-26
A1TXQEG79JAW1M,B003ES5ZUU,5.0,2011-01-17
A3CFM008T8ZZG5,B004YW7WCY,5.0,2013-12-06
A23WY8GAAF4EU8,B006Y0YZZ6,5.0,2013-02-05
A1JAPHNSJ1IJXG,B000204SWE,1.0,2005-12-31
A1414YWW0VUQCJ,B007PJ4P4G,5.0,2012-11-05
A3UJJGEVXNN8QW,B000O8I474,3.0,2013-04-20
A10FRGQSF4E5KE,B00EVVGAC6,4.0,2013-11-18
A34XRXHZ6BGEQD,B00DBV28TG,5.0,2014-07-16
AHOYFVT6IN2MH,B00330O2U8,5.0,2012-04-30
A1C5WS021EL3WO,B000CRFOMK,5.0,2013-05-09
AET8ZAVUSTU0E,B004RKQM8I,3.0,2013-08-08
A3GRRDOYGIEZ45,B000219896,5.0,2004-04-24
A1Q6DG2GQG1XZD,B005HFYE1O,5.0,2014-01-08
A3R4EUHH4CP8EL,B00E3W15P0,5.0,2014-02-01
A34CKIMZ969UW7,B001S2PPT0,5.0,2012-01-20
A2EI0UQG4OMUUR,B0015AARJI,5.0,2012-11-29
A3LGV5JXFSBFTL,B003ES5ZUU,5.0,2014-06-20
A3VIZRBK4EV15M,B003JTHN2W,5.0,2011-01-15
A1OGABPYBDGMO3,B002WE6D44,5.0,2011-12-10
A25QJBK33C4O0R,B008X9Z7N0,3.0,2013-02-25
A2MSMV0GGZ9TRN,B002HWRJY4,5.0,2012-11-20
A3OXOKIPNZJBWE,B001TH7GVE,5.0,2014-07-10
A1RRX286ZRI830,B005S6XUXA,5.0,2013-01-03
A1V2PLQ3G3RKZ9,B008CXTX7S,2.0,2014-01-09
A33XTZX64J7BOA,B00009EHJV,5.0,2014-02-26
A3LZVR1DWU894K,B0060B7NCG,5.0,2013-07-15
AI41T75WNFKBF,B008ALAHA4,5.0,2014-04-02
A8K8Y5CK447G4,B001CCAISE,5.0,2014-05-12
A17UNMURMLX0ZE,B0056YNA2A,5.0,2011-08-25
AYZCAH8GJ0T6J,B0039BPG1A,4.0,2013-05-21
A2Z98DY5UHVSPD,B002VPE1Q6,5.0,2014-06-09
A39RYTM5FN8OY2,B00DVFLJDS,5.0,2013-10-24
AJH2WWLY2F5RG,B003FZA1OW,5.0,2012-12-28
A3J3OCM6PPWNRY,B0055YB5IC,5.0,2011-09-12
A252E790P52XNM,B004T9RR6I,1.0,2012-07-27
AVPNQUVZWMDSX,B004ZF0PXI,4.0,2011-10-31
A2J0W1PN7FKAY8,B000WXSO76,2.0,2012-07-26
A3OYO7B6SS7QLH,B0056TYRMW,5.0,2013-07-15
A2W9I628I6SE1U,B009YQ8BTI,5.0,2013-08-15
A3V0YR50F1XSKP,B002XVUTPK,5.0,2013-08-10
AAQ9NJ480N9W5,B003EM0RM2,5.0,2014-04-16
A1WK48IM3A3ZV,B003ZBZ64Q,4.0,2014-03-17
ALEG9QCIUWK81,B004OB0EBQ,2.0,2013-02-26
A3PT3EUML4ELMC,B0017JY5FE,1.0,2013-06-16
A3P6B2N7Q0FUSN,B005C31HC0,5.0,2013-08-07
A1P9O5CR4BPP1H,B007P4VOWC,5.0,2013-04-28
AOCBGDKF09QLU,B00B588HY2,5.0,2013-11-12
AZAE6KYD7EM0G,B0077EVNY4,4.0,2013-08-01
AQBER2BLR3XZS,B0015C30J0,3.0,2013-10-02
A1ZEJS2DRTWNP7,B003ELYQGG,5.0,2013-11-26
AVFJ327UXPXLF,B006ZP8UOW,3.0,2013-11-20
A26EYUAGV06AZP,B000N99BBC,5.0,2014-02-03
AEJAGHLC675A7,B00829THK0,5.0,2013-04-19
A1BP3RPXTBUP6,B00006HSBC,4.0,2014-02-11
AHOYFVT6IN2MH,B00CPGYNV4,5.0,2014-05-11
AI5208YCP6HCZ,B00APCMMDG,3.0,2014-01-21
A3V0YR50F1XSKP,B002TLT10I,5.0,2013-12-27
A21XUDC9QBLLSI,B000V0ET92,5.0,2013-11-05
ABSYIF0ONC2AF,B000A6NV0U,4.0,2007-08-06
A3EFSLEMHNPP6A,B00FNPD1OY,5.0,2014-01-12
A2DGDTRCYBBNRI,B002S53LJ2,3.0,2013-11-26
A31N0XY2UTB25C,B003SX0P1A,5.0,2012-12-02
A2ASNOYJJ8RLIQ,B000WBQOZW,5.0,2007-01-05
A3O00BUEBIFVAR,B003VAHYTG,5.0,2012-12-07
A2ETF091JM0K7L,B00BF9MUAS,4.0,2014-01-25
AQ8ATZLT4GJVZ,B0002GRL7M,5.0,2013-02-27
A1TS2KWXWMSRJH,B003MVMTDA,5.0,2014-03-06
A3HQKJ7S1U19P7,B000BQ7GW8,5.0,2013-12-31
A1GGYYMXEF2KS,B001D7REIK,5.0,2010-05-17
A3H2KJUTKEDL84,B004T0EQP2,5.0,2013-12-10
ABQWMANK4AR63,B00DTPYRTI,5.0,2014-02-09
A8FKL1DHTHC12,B00009XVCZ,5.0,2012-02-21
AFBCLSV2IRMNN,B008YRG5JQ,1.0,2013-03-12
A392UNQYS7TNEP,B003FVVMS0,5.0,2013-03-12
AYZWH0EYHFTPG,B007Q45EF4,5.0,2014-01-24
A25QU22DONCBII,B005LDLP8W,5.0,2013-11-26
A1EBLTN846SLV8,B009SYZ8OC,5.0,2014-03-09
A2D8RJKP1M8550,B00DR0PDNE,5.0,2014-01-22
A334IB2XLPKQ6U,B000WL6YY8,4.0,2013-10-20
AGDPBPFOGYHXZ,B001XURP7W,5.0,2013-03-23
A59HY11LFMSL8,B001QTXL82,5.0,2009-03-26
A25N8CCT0QE7JL,B007WTAJTO,5.0,2014-03-02
A33HIV8RXRDM88,B004BQTTE2,5.0,2011-03-08
A2T94G7C9ZI32T,B00DR0PDNE,5.0,2013-09-08
A2J8DE8R94ZB02,B00834SJNA,1.0,2012-06-29
AZW7PDA9PBDO,B007MXGG5Q,5.0,2012-09-11
A11SWG9T60IQH8,B004CLYEH8,5.0,2011-02-25
A29ZVYCW9PKVIA,B004G6002M,5.0,2012-12-14
A2UGNWB1NTWWP7,B00AWKC0JM,3.0,2013-08-03
A3CW0ZLUO5X2B1,B004CLYEE6,4.0,2012-08-31
A33YXKB8FWVG25,B0041Q38NU,5.0,2013-10-30
AG4GZZJCR9KHB,B001QUA6RA,5.0,2012-08-10
A3SX5MZTCZRQLF,B002FB7IX4,4.0,2009-11-18
A1MZL91Z44RN06,B000652M6Y,5.0,2011-12-12
A3V58EQRTBM4Z,B007WTAJTO,1.0,2012-06-08
AN8JC5CWXJV0Z,B004XC6GJ0,4.0,2014-03-17
A26SBERFSTW1UC,B009NHAF5G,5.0,2013-02-27
A127FTD2Q7I38H,B005CLPP8E,5.0,2013-12-08
A196WWEMCULYKW,B004G6002M,5.0,2012-11-03
AZMY6E8B52L2T,B00IF70QCW,5.0,2014-07-22
A3VTOLNB5N6FVP,B0076POAJE,5.0,2012-03-20
ARJ27NMILTKQ5,B000I23TTE,5.0,2013-08-06
A2O421DTA8J0RW,B0079UAT0A,4.0,2012-08-21
A20L9N5ZJZIQXN,B007C0Y8NQ,4.0,2012-08-16
A2G2R6ATW30D28,B008DW95NA,1.0,2013-05-20
A359OTH970W9QW,B003IVZVDO,4.0,2011-02-20
AR7449Y7NT77Y,B003SWLRLS,1.0,2013-08-08
A7LLBR5L50ECQ,B00906E03I,5.0,2013-06-27
A3MUSWDCTZINQZ,B00834SJNA,4.0,2012-07-11
AAEVGE52KL0DJ,B004GF8TIK,5.0,2012-12-28
ADFO3RCVTA15,B002YIG9AQ,4.0,2014-01-10
AV3E6XNTB4RV5,B003RV4AYQ,3.0,2012-04-19
A7EJERNB7IK3Z,B003RV4AYQ,5.0,2011-01-14
A2SDHVR2OIW9M1,B00DB9WCR6,3.0,2014-04-26
ABSYIF0ONC2AF,B003QKBVYK,3.0,2011-07-21
A7ZJ4D4Y01W4X,B0077EVNY4,5.0,2013-10-29
A26ZHHLCZVUOAS,B003ES5ZUU,5.0,2014-01-07
A1U75DBAUXQKE3,B004Q3R9AQ,5.0,2011-09-20
A1L7H5MPBT4J3X,B000WAHFBK,5.0,2011-03-18
A3LEOOHVAH6TWO,B000JMJWV2,5.0,2009-03-02
A1JQ7K37IVD50C,B00DB9WCR6,5.0,2014-04-07
A1UINGIK3UG77D,B003ES5ZQE,5.0,2010-11-23
A31WG0W5QMX2JJ,B0074BW614,4.0,2013-06-11
A2GFWZCD0S56AA,B0028ACYEK,5.0,2012-01-17
A2VAD79S4A06DD,B004CLYEE6,5.0,2011-02-09
AQE90JFP7HUVU,B00F0DD0I6,5.0,2014-06-04
A3OZA8HNJM26DC,B008ALAHA4,5.0,2013-11-23
AZAE6KYD7EM0G,B004NY9UV4,4.0,2013-08-01
A6JTTFGFDDYLZ,B003KPBRRW,4.0,2013-03-11
AQBER2BLR3XZS,B003N7P6TC,4.0,2013-01-26
A2Y1QZA3AGBJQI,B00DBV28TG,5.0,2013-08-26
A1B0YO04O40C3M,B002VPE1QG,5.0,2013-12-13
A2696BLM4C3USU,B003Y5T464,5.0,2011-12-22
AY3D7DG5L5WCK,B00B2HCLL6,5.0,2013-04-25
A2V9DTXTQ5YIMK,B004XZL980,5.0,2011-12-16
A27TN8D0CZ8LUY,B004GUS4WG,5.0,2014-02-24
A3HQAPXAJV7PRX,B00825BZUY,4.0,2013-02-23
A3PLZLAXNFVNQ0,B002KFZSKA,4.0,2011-10-05
AX7SZ0O08N48E,B003VZ7GEY,2.0,2013-05-08
AE19NI258XFCN,B0039BPG1A,4.0,2014-05-26
A2W3WWVETOMJBS,B000IN09C8,5.0,2013-04-29
AEZJKRJXEP2XS,B00EVVGAC6,2.0,2014-04-24
AZ6GWYXK6IR84,B003HFCDLY,5.0,2013-03-26
A2OKRGHIYTBQ6P,B005GGTTZ0,5.0,2013-09-20
AR0GJX39FB0V5,B00479SVBU,2.0,2013-01-28
A22QY6P4J8DCII,B00829TIA4,4.0,2013-01-15
A1AU8LHN3TODP0,B00DR0PDNE,5.0,2014-06-16
A3NJNHTLUL7K8V,B006ZS5ATM,2.0,2012-06-14
A1GBML3S1GH765,B0002Y5WZC,5.0,2014-06-15
A2CJ6BOXPMVDZ9,B000WAHFBK,2.0,2013-01-30
A2MJK3LXJJ9MAQ,B005S6XUXA,5.0,2013-01-12
A1DH4PTG660JI1,B004J3V90Y,5.0,2012-04-05
AG2YXYIQ8TLTA,B000204SWE,5.0,2009-08-15
A1O6CS7SXLGUWZ,B000EW8074,5.0,2008-05-16
A2OJ3BARFEFAW,B002QXZPFE,5.0,2013-05-26
A2T94G7C9ZI32T,B005GGTTZ0,4.0,2013-06-03
AY7TAFU06CRZI,B000IN09C8,5.0,2008-10-30
ADFO3RCVTA15,B003ES5ZUU,5.0,2013-07-07
A2OWR5G2OAQF7C,B004BQTTE2,5.0,2011-02-28
A35NQ2VG1S0G8H,B0075W8E4A,3.0,2012-09-01
A1901NTE8LFJF6,B005DKZTMG,3.0,2013-05-17
A2U583VJW1XN83,B004JWA70I,5.0,2013-05-30
A1EX7MNFZYL58,B00017LSPI,5.0,2014-01-23
A1HOZOARZF0LQD,B0051G5SBY,4.0,2013-05-25
A3BPYLAJ3NI0ML,B0007XJSQC,5.0,2009-10-30
A3MZ092W9K5PHZ,B00565T3ZW,3.0,2012-08-26
A1B4PVWSTRVH3Y,B004HT6TS2,1.0,2012-03-24
A6VXZ1EEPRTLV,B003CY0SR6,4.0,2012-07-04
A3D6N44J8SJXF1,B001TH7GUU,5.0,2013-07-31
A2XAU933PLBLJZ,B003VAHYTG,5.0,2012-12-09
A3JX4CJGXEJWVH,B00INNP5VU,5.0,2014-06-25
A1VH23UTJ0HZ,B001CCAISE,5.0,2012-02-08
A378ERXCUZ7ICO,B0001FTVEK,3.0,2013-06-22
A3UP19I6HSILR9,B00871SR68,5.0,2012-10-28
A3LV0S0100ZR52,B0054JJ0QW,5.0,2011-12-06
A3QK89QEAZI89A,B002U1ZBG0,5.0,2013-11-23
A1A0DYYXZHF4RJ,B005EIGUD4,5.0,2013-03-05
A3M0NK5L2YLMCQ,B00006JQ06,3.0,2013-04-26
A3M7BCQKSQAK4L,B00HGLOQ24,4.0,2014-06-17
A1LA4K5JF78BER,B007Q8GOGI,4.0,2012-07-15
AVU1ILDDYW301,B002J9HBIO,2.0,2010-03-25
A3F7SSPP2M257N,B00172M8HS,5.0,2014-03-13
A2V1KIEKXRI94W,B003U7URH6,5.0,2013-06-14
A2QU8W10OC4SQ6,B000LRMS66,5.0,2010-11-29
A2I7GAO9HAZS9V,B00E3W15P0,5.0,2014-04-09
AY6A8KPYCE6B0,B004TPJKEY,2.0,2012-01-10
A17BUUBOU0598B,B0011FQURK,4.0,2008-04-07
A22JRVAY052312,B004F488Z6,5.0,2014-01-12
A31HOWJKEIY037,B002J9HBIO,5.0,2013-11-07
A2B2VMTOJUEI99,B0019EHU8G,5.0,2009-04-01
APWO2WQ7J6TZH,B0088CJT4U,5.0,2013-11-10
A11GRINF3GMNF9,B007I5JT4S,5.0,2014-06-28
ACJJAZXYC9K6X,B002V88HFE,5.0,2011-06-26
A1JA1P53VHJ023,B004CG11SS,5.0,2012-06-20
A3OZA8HNJM26DC,B001TUYTZM,3.0,2013-11-26
A1GZHVBEF2MDGR,B002R9CQYK,5.0,2012-11-28
A2PXK47ZONLYTG,B004YW7WCY,4.0,2014-01-15
AV7157D6PM3W9,B004SBBDD0,4.0,2013-10-29
A3F81TPV4IQ2BG,B00004THCZ,5.0,2013-02-02
A1UJ1KOPZBVMOE,B003ES5ZUU,5.0,2013-01-06
A3BI8LP14PUYAG,B001DVZXC0,4.0,2012-12-11
A8ZSTQMGQZP5V,B002YIG9AQ,5.0,2013-06-27
A12I1E0HR3BKY7,B001TH7GUU,5.0,2013-07-20
A1H7EL3C27A4LL,B009SYZ8OC,5.0,2014-01-27
A3AP6SCOOQ07HQ,B003MVMTDA,5.0,2013-05-09
AA98O5326L88T,B003DNYW5A,4.0,2011-12-02
A1S7BFT0HDF3HA,B00834SJSK,4.0,2012-09-26
AS1CF5W7OHYZY,B001XHBNN2,5.0,2012-12-20
A1ZU09TQ1TGWEX,B0026ZPFCK,4.0,2013-12-09
A10QWQ0IY1OUNM,B002S53LJ2,4.0,2011-12-22
A2PVYNQH5G5FMJ,B00066IJPQ,5.0,2009-12-14
A90L9WIBHWSF5,B00DBV28TG,5.0,2013-12-26
AJDANYPEGZIAJ,B0074BW614,4.0,2012-11-02
A1R76R4E6A8S3B,B002SQK2F2,4.0,2010-08-18
A117GU6HR5DHER,B0015AARJI,5.0,2014-01-09
A27M75LRSJ788H,B003IVZVDO,5.0,2013-02-11
A1XO7U772X6AAG,B003DZ165W,4.0,2013-12-30
A3EDW6D2WP1LDJ,B0079UAT0A,5.0,2013-01-10
A27ADCSD15F3GL,B008BDBPTS,5.0,2012-11-07
A145B8OHVNNFAJ,B0063705PE,1.0,2012-05-17
A149R6JV5I5867,B0088CJT4U,5.0,2014-05-28
AN8JC5CWXJV0Z,B0049YQVHE,4.0,2014-03-17
A2IUMYJI11640X,B004NYB684,3.0,2014-03-24
A3O47HA8RH6FT6,B000VX6XL6,5.0,2014-03-16
A2V9ULRWMX9WEJ,B000A6PPOK,3.0,2014-03-24
A3F76PAIBU53YC,B0060B7NCG,5.0,2013-12-27
AFBZW62BFRLNF,B005DKZTMG,5.0,2012-12-14
AQSV34W54L0VO,B00BT0IVRO,5.0,2013-07-06
A31TT5GZM82PME,B000HZGQ9C,5.0,2007-04-13
A39H8B6CTVS93P,B003CVOK28,4.0,2011-07-19
A3ACHJERBFF8N0,B002RCNX8K,5.0,2013-11-30
A1GZHVBEF2MDGR,B005HMKKH4,5.0,2012-11-28
AHO0FAI4KMBPX,B004F488Z6,5.0,2011-12-18
A1U5NWJOYH2QQH,B00007KDVI,1.0,2005-08-21
A3SF7GM1NCU0BM,B0013G8PTS,2.0,2013-05-04
A3LGT6UZL99IW1,B004TPJKEY,5.0,2011-11-21
AIJXFWDBODEMB,B0071BTJPI,4.0,2013-07-22
AIVGHFRE1YCLM,B000A6PPOK,4.0,2014-01-04
A3C67YYQ9S1BEE,B0089ZV1WY,4.0,2013-01-07
A4HV1JDH6VNMG,B009VV56TY,5.0,2013-09-03
A14QZ4VSL4Y24E,B00906E03I,5.0,2014-07-12
A3A1UXK2A34J9X,B00BNIO4H8,5.0,2014-03-16
A1M15HAT5S763F,B001ISKNKA,5.0,2009-12-01
AUH9ZVPYXNRMY,B004XZL980,5.0,2014-01-16
A2KQQEDHOU1WJF,B002LITI8E,5.0,2012-08-14
A2PYX5I8G8ZZDK,B0074FGLUM,5.0,2013-10-28
A395C200US350X,B00871SR68,5.0,2013-01-03
A7Y3U8WC07YZU,B00007GQLS,4.0,2008-02-25
AJJ4Z626IVKNZ,B0057OCDQS,5.0,2013-08-06
A25UZ7MA72SMKM,B0002L5R78,5.0,2010-06-17
A20D7AIXC4SECL,B0015AARJI,5.0,2012-12-26
A1S27P7KJO9I96,B000HI9O5W,4.0,2007-11-16
AGJ0DW8O7D9FL,B004KU0RJK,2.0,2014-02-25
ATN4J5VS8Q0YM,B0054L8N7M,5.0,2011-08-16
A22S7D0LP8GRDH,B00B46XUQU,5.0,2009-11-14
AHVXOL1RUWYHR,B005KOZNBW,3.0,2013-06-26
A2XYZ4LU9XIG5D,B0039NLS4C,5.0,2011-06-24
A25QJBK33C4O0R,B00HPM1G8Q,4.0,2014-03-01
A1RRX286ZRI830,B0074BW614,5.0,2013-01-03
A35MQRWIGJ3MPC,B007WTAJTO,5.0,2013-09-11
A2AGFZRQI1BZMV,B00825BZUY,5.0,2014-02-14
A1211XCM09HR3E,B002VPE1QG,3.0,2014-05-21
A9T051NCT02QH,B000WXSO76,5.0,2009-07-27
A2C9ZOF0R2JQTO,B00C8OT7FK,5.0,2014-07-12
A23S7MX848W607,B002FFT8Z6,5.0,2013-02-03
A36COCV5K2KYZ2,B003YFHE9I,5.0,2013-11-06
A3ORKNPSSIWTR2,B001F7ARTQ,5.0,2012-01-27
A2EF8N7ZE7ONWX,B00486MH80,4.0,2011-04-25
A1JLOMJKCXAHFU,B002JPITXY,5.0,2012-07-28
A1HJISB0NCF2V0,B003ES5ZUU,5.0,2013-06-20
AOMVLDY12N1CQ,B001MSU1FS,5.0,2011-11-17
A2ROB5WK7RU7H0,B0087NZ31S,5.0,2013-01-05
A34ZI8UUHWXVGS,B002ZAVVHY,5.0,2013-10-30
A2RU4U1JZ3DMP5,B00017LSPI,4.0,2011-10-03
A1S5XHBZIYOGRE,B004IZN3WU,4.0,2012-08-19
AWR3RVYUJFNKC,B0017JY5FE,5.0,2013-12-17
A37HO9KMMB0JYU,B005FVNGRI,5.0,2014-06-20
A3BY5KCNQZXV5U,B004NY9UV4,4.0,2013-01-24
A384G18UX8V88H,B008DW95NA,5.0,2013-03-07
A3A2M8PBGGTH0W,B0071BTJPI,5.0,2013-10-19
ARBKYIVNYWK3C,B00006HQR8,5.0,2010-07-12
AQNPM70VC88MV,B000V0ET92,4.0,2012-04-29
AQQZ95DB1B4G4,B00CSIOLXY,3.0,2014-07-13
A1CENILVYMJGN4,B00AAKLFHM,1.0,2014-01-23
A26ADVY1B04F6K,B0081H8TRA,5.0,2012-06-30
A7LLBR5L50ECQ,B004T9RR6I,5.0,2013-06-27
A15NSG16V2LJ8N,B001AI6CNK,3.0,2010-02-24
A20HC36ONMN4S4,B005FVNGRI,2.0,2013-08-16
A3OXHLG6DIBRW8,B002SFDJMQ,5.0,2009-12-12
A12XDEMP7PQPDT,B001KN6WL2,4.0,2010-07-14
A1OPH69PPX522E,B0006BKH3S,4.0,2005-12-11
A3N3NTVA3L7QFA,B00093IIRA,5.0,2008-01-16
AEZJTA4KDIWY8,B001TH7GVE,5.0,2013-03-03
A34QA8I4PMBU7S,B006W8U2MU,5.0,2014-03-27
A259MPG6SOL02P,B00BGGDVOO,5.0,2014-01-13
A2MG1UT2BB4O37,B0036RDVRI,5.0,2011-06-02
AZQFM7JM1KUO9,B00D02AG7C,4.0,2013-10-24
AILCWT1IIP7ZT,B000A6PPOK,5.0,2005-10-18
ASY4YLO36SK7E,B003ELYQGG,5.0,2012-11-22
A17ZBQQVFY019P,B0049YQVHE,4.0,2011-07-12
A2WHHCP150YKI3,B0009YDP7W,5.0,2012-06-08
A3F9CMU8KNAY1M,B001TH7GSW,5.0,2009-10-14
A2WXV48O45AJ52,B004M8SSZK,5.0,2013-06-01
A1Z16630QMH8Q6,B003KPBRRW,5.0,2010-07-23
A1J5HIF41ENSMZ,B004T9RR6I,4.0,2012-04-25
AR9C168S3IW4T,B009O7YUF6,4.0,2013-12-06
A3O4EQFELGATWJ,B0034CL2ZI,5.0,2013-07-11
A1ZBEIL78MLR9Z,B00D856NOG,1.0,2014-03-06
A3BMMECEXA3AGZ,B0058AH2US,5.0,2013-10-25
A1BU9UO0VJ4CCL,B000BQ7GW8,4.0,2012-12-17
AOIIE5LPA1IYM,B003ES5ZUU,5.0,2011-10-29
A2PREU4LOFQRB1,B003WUBIZQ,5.0,2012-08-04
A2G82I9C3H2V2P,B001F7AHOG,5.0,2009-12-03
AG4LBEYRCWT9S,B003EO1H7E,3.0,2013-05-27
A31IEJQ9CCOMT4,B0006BKH3S,4.0,2007-04-26
A1GRO2ZDN5II2C,B0049S6ZUS,1.0,2013-06-06
ADGNS812JGFYL,B003L62T7W,5.0,2013-10-28
A6FIAB28IS79,B000R9AAJA,4.0,2010-08-25
A2RW587355CMVA,B00F9ZQQ8Q,4.0,2013-12-31
A2OP4MUACFLT6N,B0097FM3PE,5.0,2014-02-10
A19UTUEBWKIZFT,B0075SUK14,5.0,2012-10-24
ANF6TEV6NFYRN,B00DR0PDNE,3.0,2013-12-29
A2ZBNURQMYFQMV,B005FYNSPK,5.0,2013-12-04
A2EHF7MFFO9IE4,B002MAPRYU,4.0,2013-06-25
A3VX6DDDK0681Z,B000A6NV0U,5.0,2014-05-31
A18Z4PYBB9L9RY,B0067PLM5E,1.0,2012-02-20
AZQFM7JM1KUO9,B00834SJNA,4.0,2013-12-14
ASAWQWJ7AF5NF,B000092YQW,3.0,2004-07-10
A2U20XN5A9VP5H,B000HHYEKI,1.0,2008-01-04
A11OTLEDSW8ZXD,B0063705PE,5.0,2012-04-06
A3CDLFI070804V,B000S5Q9CA,3.0,2012-06-12
ANLQEZPXB7473,B005KDYBIO,5.0,2013-08-05
AJ3MFS66ID0W5,B00006JPDI,5.0,2008-06-18
A1IYN8CZ2VQUMG,B003YFHE9I,5.0,2013-07-10
A1SPJ5GAFVIVY7,B003L62T7W,3.0,2011-08-15
A1G76T4T41F5X3,B0002L5R78,5.0,2010-04-14
A196WWEMCULYKW,B00622AG6S,5.0,2012-12-20
A26SLWISNEI19M,B003SWLRLS,2.0,2013-07-22
ARBKYIVNYWK3C,B003XE3X8Q,5.0,2013-09-19
A2EKQ43XM1BK2Y,B0051G5SBY,5.0,2013-12-17
A3EZFFPVS34AMO,B00007M1TZ,4.0,2008-06-14
A3BE967Q3PG0JA,B006GWO5WK,4.0,2013-07-11
A20DDH4NT6Q1E8,B007PJ4P4G,5.0,2012-07-05
A2TUXUOKJHAYCI,B00F0DD0I6,5.0,2013-10-20
A134JLN8GFCRLY,B006ZP8UOW,4.0,2013-04-28
A1YRH69LB3CZDU,B00BT0IVRO,3.0,2013-07-11
AOVXBR3CWA1Z2,B00BGGDVOO,4.0,2013-05-26
AHF4I1FSIHABC,B00007E7JU,1.0,2012-06-07
A1T89PS3O5WOWN,B000FKP7TY,5.0,2012-12-23
A8SPPHKETDZ41,B0079UAT0A,5.0,2012-09-06
A38X7785G9H7I1,B003KPBRRW,1.0,2012-04-05
A1CENILVYMJGN4,B00G2TK76A,4.0,2014-04-11
A1V5T93KBHCKW1,B000LQFI2I,3.0,2011-12-04
A9Y5O2R4D6EH5,B005GJC01C,4.0,2013-02-07
A2BZWB9UPQCJFE,B001ENYQT8,1.0,2013-03-16
A1Q6DG2GQG1XZD,B00DR0PDNE,4.0,2014-06-19
A37Z9GKGDLNVIZ,B00212NO6W,5.0,2012-08-21
AZS0Q5ILAQBBR,B0056YNA2A,4.0,2012-10-16
ANJY75Z24A6AG,B004OB0EBQ,4.0,2013-08-16
ASY4YLO36SK7E,B0037NYQ7K,5.0,2012-07-26
A1AKEG5JPTQDFO,B003UE52ME,5.0,2011-07-13
A33CNFK776MTWR,B009YQ8BTI,5.0,2014-01-20
A392UNQYS7TNEP,B00B46XUQU,1.0,2013-03-12
A3IW9TTG36O24X,B00D02AG7C,4.0,2014-01-02
APZZK3DRG7J8K,B003ELYQGG,4.0,2013-04-18
A34UVV757IKPVB,B000BSOBG0,3.0,2007-01-16
A347TL78TMSAP8,B001NJ0WCS,4.0,2009-10-16
A2FVOXRL0Z43XT,B003K1EYM6,4.0,2014-07-11
APZZK3DRG7J8K,B00406YHLI,4.0,2013-04-18
A1F88NLEH0241Q,B008KVUAGU,4.0,2013-08-10
A4IM0ZAMQS34Y,B007WTAJTO,5.0,2013-05-24
AM0QLU79O05JR,B00BOHNYTW,1.0,2013-09-10
A1OGBVAZ5V023J,B0007MXZB2,4.0,2012-11-21
A357EJ2I1PHWS,B006ZZ2V9M,3.0,2013-05-05
A3D0MT6MH2RTUU,B000V1MLBE,5.0,2008-05-18
A2CM17ODJY6WZ7,B008EQYRRY,5.0,2014-04-24
A1Y4I1F5HJH2XP,B000MS3VGA,2.0,2009-01-06
A2OWR5G2OAQF7C,B008DWCRQW,4.0,2013-05-25
A39G4M8L6I3CI3,B004R7A9YE,4.0,2014-01-05
A2V9ULRWMX9WEJ,B003VANO7C,5.0,2012-12-24
A11CAZ1CEJGLT4,B004HHICKC,4.0,2013-11-06
A3VRPNFG1PBM3H,B009LL9VDG,4.0,2013-03-26
ATQ0GLFRWK3ZU,B00AQRUW4Q,2.0,2014-04-27
A1URXSRV6WDHVY,B008EQYRRY,5.0,2014-03-04
A214TYBKXHZ9KM,B0002KVQBA,3.0,2013-03-01
APDPA11IZPYLN,B00JC5Y6YA,5.0,2014-07-06
A1HWZRMMYZ58W,B005CLPP8E,5.0,2013-02-18
AE6LN80KUHS5I,B002JPITXY,5.0,2010-07-14
AYRDMFX7ZWLH4,B005U0M9B8,5.0,2012-05-02
A2TX1E1U5EFT5C,B00CMQTVK0,5.0,2014-05-22
A8K8Y5CK447G4,B00AANMVNQ,5.0,2014-05-12
A1ROYTFVKXZUY5,B000WBQOZW,5.0,2008-11-19
A18QEHWA8HWY3L,B006Y0YZZ6,5.0,2013-04-05
A2AMM18QUKJF5C,B001G4BNZA,4.0,2013-05-27
A3ACHJERBFF8N0,B009NHAF5G,5.0,2013-11-30
A3PQBXEJX8WZ14,B00746W3HG,4.0,2013-05-31
A39137LW12KK7B,B0093H4WT6,5.0,2014-05-09
AX63MO2UIAEVQ,B0054YQO5C,5.0,2013-10-07
A33TGQ95683PSI,B0049YQVHE,3.0,2012-06-13
AZW7PDA9PBDO,B003ZUIHY8,5.0,2011-06-06
AL1SY6LGHNCUN,B002O3W3Y2,3.0,2012-02-28
A2VG63RY11NV0O,B007C0Y8NQ,4.0,2013-01-03
A1DUY2QN5VB9DK,B000BMBT5M,4.0,2009-01-28
A3L3DJ5HGPWNSG,B00G2TK76A,5.0,2014-06-02
A1D9V11QUHXENQ,B008CXTX7S,5.0,2012-11-25
A19TYHQRAHAHQY,B00029U1DK,1.0,2013-03-25
AT4ONNJ7NMBRW,B00B46XUQU,5.0,2010-12-27
A3NJNHTLUL7K8V,B008HO9DK4,5.0,2013-07-03
A30JPZ9TZ7I61U,B00FNPD1OY,4.0,2014-01-04
A2I357I10ZY7CI,B00CD8ADKO,5.0,2014-07-07
A3DI391K4GAI7Q,B004Q3R9AQ,5.0,2011-10-31
APDPA11IZPYLN,B002FYL7PG,5.0,2010-06-24
AVFJ327UXPXLF,B0067MK1TU,5.0,2012-09-10
A3FI8PE2SKPHZ7,B0002X5Q72,1.0,2010-02-14
A3UJJGEVXNN8QW,B002QXZPFE,3.0,2013-08-25
A1ZCC4FCBOUIFW,B004XC6GJ0,5.0,2013-03-29
A1GRLRBHSQOG40,B0058UUR6E,5.0,2013-02-08
AKCZIJ6ZHE41D,B003CJTR82,1.0,2012-08-29
AQCJWSMSURQI2,B003L1ZYZ6,5.0,2011-03-23
A2NOW4U7W3F7RI,B005KJJKVG,2.0,2012-02-19
A12WPL8KK6B3B0,B006I0KL6Y,1.0,2014-07-08
A25UR9HRTS5UI9,B0038P1TP4,2.0,2013-01-22
A30JPZ9TZ7I61U,B00B2HCLL6,4.0,2013-05-01
A3VONQL7YW8UPM,B007WTAJTO,5.0,2014-01-05
AEZJTA4KDIWY8,B0009YDP7W,5.0,2013-02-23
AJ86MYUT3VJE5,B00829TIA4,5.0,2013-02-26
A2J8T58Z4X15IO,B001NJ0WCS,5.0,2009-06-25
A33CK9OFDUOVJ,B003ES5ZUU,4.0,2012-12-26
A3H99DFEG68SR,B005LJQMZC,5.0,2014-03-06
A1B1FUA0CR7LGK,B0052YFYFK,5.0,2014-01-01
A2J8T58Z4X15IO,B00BF9MUAS,5.0,2013-04-27
ADGNS812JGFYL,B0046RE21G,1.0,2013-10-28
A28LUOEY0ECT9G,B0064DEI50,3.0,2013-12-27
A3QX14AZKQCLAF,B0032OZNDK,5.0,2014-04-10
A2JRDDSCQU89A8,B000S5Q9CA,5.0,2012-06-20
A1SK0YRDP5CTOT,B00APCMMDG,4.0,2013-08-27
A17RFKCYS69M3Y,B00081A2KY,5.0,2008-07-12
A10X7TP9E3OB1A,B0087NZ31S,5.0,2013-05-17
A13V0KRH5XXH06,B001QFZMCO,4.0,2009-09-29
A537CE7BLXCDQ,B00723PZ2G,3.0,2014-06-05
A3284KYDZ00BZA,B009VV56TY,3.0,2013-05-15
A1GGYYMXEF2KS,B00E055H5O,2.0,2014-01-27
A22VYGZZ7MDT07,B001QFZMCO,5.0,2011-07-19
A1MG2UJO532Z1W,B00006HQR8,4.0,2013-09-18
A3BVSAZREDP9RH,B000R9AAJA,1.0,2010-04-01
A2TSQOGQ8A7792,B0088CJT4U,1.0,2014-04-30
A1GA6TGY8OLEDD,B004NBL9WK,1.0,2011-05-26
ABDR6IJ93HFIO,B004RKQM8I,5.0,2013-03-22
A3JBLFG54J387D,B004SBBDD0,5.0,2012-11-04
A8TGQU3WYBLAC,B003A7CDY6,5.0,2013-02-27
AG2YXYIQ8TLTA,B000V1MLBE,5.0,2009-07-03
A2CIQEY05SPHTZ,B00884WH74,5.0,2013-01-25
A1MHMCO5B21KXU,B001MSU1FS,4.0,2014-05-13
A8AO9Z7V3SCIS,B0037NYQ7K,2.0,2013-04-07
A3P5G64FFNWSWC,B000067SPR,5.0,2009-12-05
A3ACKWYDNR7ROA,B0036Q7MV0,5.0,2013-01-03
A3SMH6EOXOYNX3,B003VAM32E,1.0,2011-07-02
AUH9ZVPYXNRMY,B0075W8E4A,2.0,2013-01-05
A3M9JJ97RF0ACZ,B0099SMFP2,5.0,2013-08-18
A1K23IRMOL04U4,B00CEZQ8FA,4.0,2014-03-31
A2WDCAMKCCP1UR,B000ZH98LU,2.0,2013-03-19
A3FEGTOLCWXSV4,B002SQK2F2,1.0,2010-07-31
A18QIU7Y8D5RAK,B000VZCEUI,5.0,2008-05-30
A31NC8C7OV6C3K,B001AI6CNK,1.0,2010-06-05
A2HRHF83I3NDGT,B005FYNSPK,5.0,2014-05-09
A1O7IMK0R5L0S0,B00001P4XA,4.0,2011-01-16
AXV5IWNDCEL76,B00834SJSK,5.0,2013-04-20
AEMSGB00FL3YO,B00JC5Y6YA,5.0,2014-06-19
AOJYHMZ5S8B5K,B00DR0PDNE,4.0,2014-03-09
A1FD8C6K2WD20,B00007M1TZ,4.0,2012-07-18
A6OBGSCMLB2GS,B003VZ7GEY,5.0,2012-08-08
A3L6UF29FFPA77,B000OEV88K,4.0,2011-10-14
A3S3NT5VS54FC8,B003EM0RM2,5.0,2011-02-26
A3LZA698SQPCXE,B002HWRJBM,3.0,2013-04-27
A3NEAETOSXDBOM,B00AZW4MYI,5.0,2013-12-12
A21GKDHLXM1EEI,B003CVOK28,5.0,2013-01-07
A3I0B42BE8ABQ5,B003N7P6TC,4.0,2012-10-02
A4UGMKUSX9XHI,B001CCAISE,5.0,2010-02-24
AWGKBFQVDWC8H,B00DBV28TG,5.0,2014-06-05
A3PTW5IV3OJLS0,B004T9RR6I,5.0,2013-05-19
A3UP19I6HSILR9,B00F9ZQQ8Q,1.0,2014-07-07
A15EQ9J0E2B95M,B003FVVMS0,5.0,2014-07-07
A33QH3IO7GF28J,B004G6002M,2.0,2012-06-10
AHIDOAZZVH2PY,B0002Y5WZC,5.0,2011-07-12
A3G39MA1PVIEP4,B001XHBNN2,1.0,2010-08-17
AHXWPY977L7VF,B00004T8R2,3.0,2014-05-28
A19FIB51IND2I4,B003ELYQGG,5.0,2013-06-24
A1GYDZWZ0EBJ7E,B002LITI8E,5.0,2013-09-07
AMO9Q6HVHIQP7,B003Y32T68,5.0,2013-10-22
A1T9MILRRZ00F8,B0081FLFQE,5.0,2013-04-30
A2HMF8ZR67BNZS,B002R9CQYK,4.0,2011-07-26
A17K4AQGPJ3FMC,B00B7Q7D4M,3.0,2013-09-22
AK61KSPDSWRXP,B003X1REPW,5.0,2012-02-02
A92KCYZOV96T5,B005U0M9B8,3.0,2012-12-05
A11K2HXZB4Z1VY,B000S5Q9CA,1.0,2014-05-22
AM2ZZE6SWHRH,B0015DYMVO,5.0,2014-04-30
A3AG5QAT8L0I3R,B000N99BBC,4.0,2013-02-28
A3SS042FJQJN39,B001MSU1HG,4.0,2014-01-12
A3CZWVO53MLZI9,B003ZX8B3W,5.0,2012-06-09
A3CFM008T8ZZG5,B002WE6D44,5.0,2011-08-01
A382NB8519TLAG,B003XM1WE0,5.0,2011-12-06
A1E55W6ES0FY17,B000WBQOZW,1.0,2008-11-17
AF13CW3GWQ941,B006ZS5ATM,2.0,2012-07-10
A17UNMURMLX0ZE,B00834SJNA,5.0,2012-08-23
A2JFEGDVGO239R,B002U1ZBG0,4.0,2014-04-17
A28I5UM0FT3I6T,B00609B3J2,5.0,2013-02-28
A2P8JK1L1WHDOV,B004Q0PT3I,3.0,2013-11-19
A3MU9G6YWKTGTA,B000ZH98LU,3.0,2012-11-19
AI8EMB0HUC6Z5,B004J4VYG2,3.0,2011-04-29
A3IY316DRNF5F2,B003WUBIZQ,5.0,2013-09-21
A3TFJAVKE84MNU,B00BNIO4H8,5.0,2013-09-25
A1DUY2QN5VB9DK,B00020S7XK,3.0,2010-07-20
A30AJLPF3B067W,B000BSOBG0,1.0,2007-08-20
A3OXHLG6DIBRW8,B002R5AM7C,5.0,2010-05-11
A3EZFFPVS34AMO,B000OGX5AM,5.0,2010-09-06
A2R9DK7JEEQD2D,B0007U00XU,5.0,2012-12-10
A15JPYV0L19RF,B0015AARJI,5.0,2011-12-18
AQM0K7MBBT4AY,B008DWCRQW,5.0,2013-06-22
A1C1TNVSZAZA4E,B001TH7GUU,5.0,2012-12-08
A37QC46GV7VTES,B0054L8N7M,4.0,2013-01-27
A33Y2TY6V4U00R,B008UNSPO2,5.0,2013-11-27
A2F5ZTGBNKLXV5,B008YRG5JQ,4.0,2013-04-12
A33C54SGWSUHJ5,B00AANMVNQ,5.0,2013-11-18
A1C47ROOK7BSVL,B0041UJVI2,1.0,2012-08-13
A3E5F2I91CVEUT,B0051G5SBY,5.0,2012-06-19
A2HRHF83I3NDGT,B007WTAJTO,5.0,2013-11-26
A1NGFGBX2VCQS8,B009YQ8BTI,4.0,2013-07-02
A38RMU1Y5TDP9,B001E1Y5O6,5.0,2010-06-08
A16XNYWTWCH5JQ,B000WAHFBK,5.0,2011-12-05
A9UEVK9QBA0B3,B005DOK8NW,5.0,2013-06-26
AP6L54VTCJKCQ,B00BD99JSQ,3.0,2014-03-10
A1GRO2ZDN5II2C,B000MKC34E,4.0,2007-08-14
AQZBIM739YVLM,B003X26VV4,5.0,2013-05-26
A2TSEHSNNZJFZ4,B001ELK2NY,5.0,2012-01-11
A1PL6L9P2QVMV7,B001ISKNKA,5.0,2012-01-05
A3TA1UJWRJF9NC,B0007XJSQC,5.0,2010-12-01
A3PWNBC2DP6TW3,B003ES5ZUU,2.0,2013-12-25
A1EPPORECDQYR1,B0019EHU8G,5.0,2013-09-01
A1X04KS1KS37WT,B001TH7GSW,5.0,2014-02-02
A1I0WTLWCCGFWH,B000S5Q9CA,1.0,2012-08-26
A1BJUMKKRLK9XX,B0009OD4CS,3.0,2006-12-11
A2LRS2EL4RXAMC,B000RQSGYO,5.0,2012-06-25
A3PUMQTSXH5O6O,B009A5204K,4.0,2014-06-29
A1CZ186VC9X1H3,B00066IJPQ,5.0,2013-12-29
A35WW9XJ1PHZ5W,B00406YHLI,5.0,2012-12-14
A3CRO2C5FNIXDC,B007WTAJTO,5.0,2013-12-30
A1X04KS1KS37WT,B0019EHU8G,5.0,2014-02-02
A3T9U01G7RTBPO,B000HPV3RW,1.0,2008-10-12
A3EROOTOOI7YCR,B002R9CQYK,4.0,2013-02-02
AEVHM9T2YWQJO,B0007MXZB2,2.0,2006-12-25
A1NAL8UPWNQFR7,B002ZIMEMW,4.0,2014-03-24
A2UO2SEINLVTXE,B001QUA6RA,5.0,2013-05-09
A3R1WFO4KIUQXZ,B005DKZTMG,5.0,2012-03-28
A299HKDSEB8IVT,B00EN27TCI,5.0,2014-03-27
A1UQBFCERIP7VJ,B003ZBZ64Q,5.0,2013-06-10
A22200AUZF7RW5,B003ES5ZUU,5.0,2011-04-19
AQE90JFP7HUVU,B00093IIRA,2.0,2008-02-12
A28DA4HNDPAGHK,B001OMH1JQ,5.0,2009-06-22
A26DRUFD0AXIUT,B00E3W15P0,5.0,2014-02-03
A33UVHUZLQV2SV,B00CPGYNV4,4.0,2014-03-07
A1RGQMLUC8515P,B001ISKNKA,4.0,2009-07-18
A22P140WC3CRSQ,B004Q0PT3I,5.0,2013-09-21
A2246ZS2UPDKO7,B004SBBD8U,5.0,2013-11-28
A27SBRBWDTZW19,B002J9HBIO,5.0,2013-01-12
AWOENK6Q1WJ70,B00AAU54TW,1.0,2013-01-15
AUGCJMU1YCELI,B0002KVQBA,4.0,2012-12-06
A1SDVYEZASCELK,B0054JJ0QW,2.0,2013-11-09
A19F428N0ZJXGB,B0002GRL7M,5.0,2010-08-01
A3B7NBM01191CF,B003XM9774,5.0,2012-12-13
A2HXEJXEQQTM1D,B003UE52ME,5.0,2013-08-23
A13A45Q5UY8MBL,B001O9X9EU,5.0,2011-03-22
A1B4PVWSTRVH3Y,B001G4BNZA,1.0,2012-03-24
A31N0XY2UTB25C,B003A7CDY6,5.0,2013-11-03
A2WL8A52VRY7PT,B0002KVQBA,2.0,2014-07-13
AOVMTR7PA8XB9,B005DOK8NW,5.0,2013-12-18
A2I98OOPNIJNYY,B0002X5Q72,5.0,2011-04-19
A390F07SOAS4NI,B00565T3ZW,4.0,2011-08-30
ACVJ34OP2LDJF,B002K42W50,5.0,2011-09-22
A3LV8JJF1KK7O8,B002FB7IX4,4.0,2013-10-22
A2Y739CRM15WDL,B00HPM1FZ0,4.0,2014-04-10
A2PLBVRD6V4TJP,B003VANO7C,5.0,2014-04-22
A1I5UHEW5OWS1J,B000VX6XL6,5.0,2012-12-29
A3QWEIX3ZVQBGX,B00BGGDVOO,5.0,2013-09-08
A3QRW0UJPKIAX7,B002JPITXY,5.0,2009-12-31
A1L7H5MPBT4J3X,B002O3W3Y2,5.0,2011-03-18
A2LKD5NXOGRZ3M,B001O9X9EU,3.0,2011-05-17
A3TAS1AG6FMBQW,B00CROC9JC,5.0,2013-05-29
A2J07AQG22E8L8,B0036Q7MV0,5.0,2013-02-09
A19HM61K6FOP0S,B0088CJT4U,5.0,2012-11-20
A8WEXFRWX1ZHH,B00BOHNYTW,5.0,2013-04-25
A2TM55KWZ3N4I7,B005FYNSPK,4.0,2014-06-25
A10AFVU66A79Y1,B00AQRUW4Q,5.0,2013-02-21
A2IXK5LB4Y0NYV,B007WTAJTO,5.0,2014-04-26
A299UKJBO6RC5K,B000RQSGYO,4.0,2009-01-29
AJZN41Y0Y122C,B0018DKODQ,4.0,2008-11-07
A2BMZRO0H7TFCS,B005EJLFXI,3.0,2012-08-20
ARHK2BI3TLRNB,B004SBBD8U,5.0,2013-12-26
A29R1GNVO365ET,B003ES5ZUU,5.0,2014-01-02
A13OTD2EPOQPRP,B002VPE1QG,5.0,2012-11-24
A1JMH0DC82CEU7,B006GWO5WK,4.0,2013-01-27
AJH2WWLY2F5RG,B003S6AXVO,3.0,2014-02-03
A3RKUYE6VF0PF1,B002WE6D44,5.0,2012-05-13
A2EJGIQBL9XTT2,B00609B3J2,5.0,2013-03-14
A3BIR2418I0M3N,B0012S4APK,5.0,2013-11-27
AVFIV0YL5LG1T,B005E7KMH0,4.0,2014-04-18
A2B8KX017QWWQM,B009LL9VDG,5.0,2013-12-26
A3DQB0J9N7S69Q,B002HGFKR8,5.0,2014-05-31
A3P150FNM1I0P2,B0036Q7MV0,5.0,2014-06-13
A28IEW6CJFMQ9R,B004RKQM8I,4.0,2014-02-06
A1F5O1USOUOOXI,B009YQ8BTI,5.0,2013-08-25
A198J1MZRWAAZG,B006I0KL6Y,2.0,2014-03-03
ACJT8MUC0LRF0,B008X9Z7N0,5.0,2013-07-01
A3DSXJDE6PAXHZ,B000M87F0I,3.0,2012-06-02
A2BJ9I0BQ1LH5S,B0067MK1TU,2.0,2012-05-04
A37QGB8MJ7R8J6,B000HHYEKI,5.0,2007-05-09
ALEG9QCIUWK81,B000JE7GPY,4.0,2014-02-13
A20DZX38KRBIT8,B001IOHAVO,1.0,2009-08-15
A31RULW0KNYJ5H,B0030MITDK,5.0,2010-04-10
A3GFUZTVNMRSSE,B000N99BBC,5.0,2013-08-28
A2WCFRWYPANBUX,B002JCSV8A,5.0,2012-11-21
A1VI1JCLFH8ASX,B003WUBIZQ,5.0,2014-06-18
A2WXV48O45AJ52,B00007E7JU,5.0,2013-05-27
ABLI32M2CZOLW,B004D8NZ52,5.0,2014-04-26
A15T9G38F589KM,B002R5AM7C,5.0,2010-05-15
A3VI2VETB90ZG5,B0034CL2ZI,5.0,2013-04-11
A16PBJIFF00ENN,B001A4Q8JM,5.0,2013-01-29
A1IM3J63CT82AZ,B0052YFYFK,5.0,2012-02-02
A1B0YO04O40C3M,B000HPV3RW,5.0,2013-12-15
A3VUAE72TR9GO,B001TH7GVE,4.0,2013-12-29
AQ40FQSSX9I0W,B005DKZTMG,3.0,2014-01-21
A8ZSTQMGQZP5V,B0026ZPFCK,4.0,2013-06-27
A2IFKH3TJ10387,B00BD99JSQ,3.0,2014-03-20
A3T6HX48F66512,B004JWA70I,3.0,2012-09-07
A1F1A0QQP2XVH5,B00AQDG9BA,4.0,2013-06-12
A3DF7ORJSYEMZJ,B002HGFKR8,5.0,2011-08-28
A3CSZGXOQMPY3P,B004GGK2JI,3.0,2012-01-18
A31RULW0KNYJ5H,B00D6PTMHI,5.0,2013-11-05
A1FHK631MYJI4H,B003R6U6HG,5.0,2014-06-23
A25UR9HRTS5UI9,B00622AG6S,5.0,2013-04-11
A3OGPCWAPUJQY,B0002SQ2P2,5.0,2009-03-01
A3VEBB6F3QDO0U,B00479SVBU,5.0,2012-09-09
AITGJN1H0Y1J8,B00E055H5O,5.0,2014-07-09
A3TBMAWIIHKHFN,B0011U65F2,1.0,2011-01-31
ABFPT8UWSWRP5,B007I5JT4S,1.0,2013-02-16
A3L1VJMHFWONCB,B00020S7XK,5.0,2012-12-30
A2PVYNQH5G5FMJ,B0000635UX,5.0,2002-07-30
A1HT4X1GUTVDX7,B004NYB684,4.0,2013-08-16
A2EMA8VCDUSAGC,B003X26VV4,3.0,2014-01-11
A2UFM78BEQ4BT8,B003D0ID8U,2.0,2010-10-06
A2JRDDSCQU89A8,B004J3V90Y,3.0,2014-01-04
A3PL8UPZK4AZD3,B007P4VOWC,5.0,2013-03-26
A2VKH0FDSTMK2A,B002WE6D44,4.0,2013-12-30
A1S27P7KJO9I96,B00486MH80,4.0,2011-05-16
ANA5ZTDY2S88A,B004J4VYG2,5.0,2011-07-13
A29YQ3Y5UHRH3M,B001MSU1FS,5.0,2012-04-07
ABI1D4CB1TZP9,B0037TEO3K,5.0,2013-03-10
A3USKQ8Q9LENTJ,B000812QC6,1.0,2013-07-17
A1NC86NFVMWNHN,B000WL6YY8,5.0,2012-12-15
A3N9GHCDGGP7QA,B00834SJNA,5.0,2013-06-12
A2696BLM4C3USU,B002U1Z9BC,5.0,2012-09-24
A2IW2B2NVEKUA6,B000652M6Y,2.0,2011-12-05
A3I6704DLTIILE,B002HWRJY4,5.0,2009-12-09
A506HOOCVL8GW,B003XM1WE0,5.0,2013-01-02
A379SJMF93CVYZ,B001TICH08,5.0,2014-03-17
A264G2MEBAODWF,B002WE6D44,5.0,2012-04-04
AEYKPDYE0CCG7,B001F7ARTQ,5.0,2010-04-09
AMW1OYXWOGZGJ,B001U8VL9K,5.0,2012-12-11
A2SBJ61PHQJW2A,B003FZA1OW,3.0,2011-04-02
A1IIVJXEY7O6JX,B000652M6Y,3.0,2011-01-26
ANRBLCIUCW73O,B002VPE1Q6,5.0,2014-06-22
AGHJA66CGCRWR,B003ZBZ64Q,4.0,2013-12-09
A1T7EHCMZ92TKC,B002R5AM7C,3.0,2010-07-15
AO6EW7LZGP3V4,B0074FGLUM,5.0,2014-05-13
A3P150FNM1I0P2,B00834SJSK,4.0,2014-05-05
A30UP2KKD5IQEP,B004T9RR6I,4.0,2012-09-08
A2TM55KWZ3N4I7,B007SM7O2U,5.0,2013-04-25
A24AQLIMZGCDJH,B003ELYQGG,5.0,2014-05-17
A2AYJJAFNSGSU1,B004CZ9U96,4.0,2011-04-03
A3M7BHDG9VFUH6,B004J3V7RO,4.0,2013-11-08
A3VIZRBK4EV15M,B00020S7XK,5.0,2011-06-27
A5SUDK1W5GC7Q,B004NBL9WK,5.0,2013-11-27
A1RXNHVPYSV90M,B000HZGQ9C,1.0,2008-05-14
A32S1VKUHL20N9,B004YDUZ22,5.0,2013-07-16
A2DSLGQ46LTF9B,B0076POAJE,5.0,2014-02-28
A1UEL5C1N6E5SE,B000EN81ZE,5.0,2006-10-16
AQ8ATZLT4GJVZ,B006W8U2MU,5.0,2013-05-03
A1AEEZ4TQ6CK4O,B0032OZNDK,5.0,2013-01-02
AQ969QPG7OS78,B004SBBD8U,5.0,2014-01-01
A18BRSDLJQL10D,B003LVZO8S,5.0,2012-12-22
A7JLMLNA8ETD1,B0002L5R78,5.0,2013-08-18
AQXHURB97U2ZL,B001TICH08,1.0,2012-12-17
A1X3DA7C61WZLQ,B0041UJVI2,5.0,2012-02-17
AOJYHMZ5S8B5K,B001NPEC5A,4.0,2012-02-24
A3J0BIM3BE26J3,B00825BZUY,5.0,2013-04-01
A3TWUBZY3G44V5,B003VAHYNC,5.0,2013-12-23
AYPCLLUC7V5P7,B000S5Q9CA,5.0,2012-10-01
AG6573YJTUWI4,B0074BW614,5.0,2012-09-14
A3JKFLTKMKUJ1L,B00BGA9WK2,5.0,2014-05-10
A2FVHLVVM0YCT2,B000HI9O5W,5.0,2008-06-22
A32NCBR8D0XLWC,B004QK7HI8,5.0,2012-02-07
A2BN5WOW6WKFRN,B00825BZUY,4.0,2014-01-10
A1PPMCPO6GNQHJ,B001TH7GUU,5.0,2014-02-22
AKRZ2QH1FERXZ,B004J3V90Y,5.0,2014-06-05
A37VJLVXDOWABZ,B0063705PE,4.0,2012-12-30
A1JRVC0DYLFM8D,B003CY0SR6,1.0,2014-02-02
A3LHQRWX9BV6XM,B0043T7FXE,5.0,2014-02-24
A3JQOZ4YR05UZ6,B0019EHU8G,4.0,2014-05-05
A2UWPPU5GZLMQZ,B004JWA70I,4.0,2013-04-05
ADLVFFE4VBT8,B001TH7GUU,5.0,2009-11-14
A3D5V8I423FVGK,B0015C30J0,4.0,2014-01-29
A3T7V207KRDE2O,B004ZF0PXI,3.0,2011-08-26
A1W476YCP7DZ2S,B00EN27TCI,5.0,2014-03-30
ARW8VGT10JG60,B00004Z0C7,5.0,2013-04-24
A23O3H7VRLKHPE,B004R7A9YE,5.0,2014-01-18
A36MP37DITBU6F,B008ULPA2O,5.0,2013-01-23
A2O45NYKDQCVOD,B004WY83FO,5.0,2012-08-27
A35OKQRL9CP02K,B007WTAJTO,4.0,2013-05-19
AXZOKHGMOVLRE,B004YDUZ22,5.0,2013-02-14
A20DDH4NT6Q1E8,B00FNPD1OY,5.0,2013-12-17
A69OQ67YE2B1Z,B004QK7HI8,5.0,2013-10-16
A33KTZZRC1Y1YN,B005FYNSPK,5.0,2014-06-15
A1Y4I1F5HJH2XP,B000MKC34E,3.0,2007-04-24
A1CHH0K8I4ML4H,B002ZIMEMW,5.0,2013-09-03
A3AXEYKS1MBJ6B,B004J3V90Y,5.0,2013-08-25
A2AB6TO1FW2PTK,B005KDYBIO,5.0,2012-03-03
A1K9V3SLRHSWWZ,B0054YQO5C,5.0,2014-07-03
ANF6TEV6NFYRN,B002V8C3W2,4.0,2012-11-25
A3NYBI5VMVEEIK,B000FKP7TY,5.0,2011-06-02
A1MIWY5P4X6M4,B00BOHNYTW,4.0,2013-05-08
A1QPX6ZGQ0JF22,B005HFYE1O,4.0,2013-03-02
A2YC0ADOK1SNMK,B001U8VL9K,5.0,2011-09-01
A3OA4DV4L81N1D,B003K1EYM6,5.0,2013-01-03
A2SRCAOD2Y05G6,B001MSU1HG,5.0,2013-12-07
A34UCDZFYREDON,B003GIJTR8,4.0,2013-03-27
A2YYHSORXIHZCS,B00COGDERY,4.0,2013-09-29
AYPCLLUC7V5P7,B0043T7FXE,5.0,2011-12-28
A3S3R88HA0HZG3,B0062EUE54,5.0,2012-07-11
A2BLFCOPSMBOZ9,B00HPM1G8Q,4.0,2014-03-05
A18R2A34531K8B,B000R9AAJA,4.0,2009-03-30
A2H85E1KGIC83Y,B00006HSBC,5.0,2014-05-20
A2XPK6XCL0UH1S,B007Q8GOGI,2.0,2012-12-06
A3S9K8Z1JONB4W,B002VPE1Q6,5.0,2013-12-29
A1VH23UTJ0HZ,B006EKIQYM,5.0,2012-06-19
A2BJ9I0BQ1LH5S,B0081FLFQE,5.0,2013-03-17
A3LHQRWX9BV6XM,B001NPEC5A,5.0,2014-01-07
A202XNZLHBS6OJ,B000BQ7GW8,3.0,2013-04-04
A2WCFRWYPANBUX,B005LJQMZC,5.0,2013-08-23
A2QKDIHHVQ7Q6I,B004HHICKC,5.0,2014-02-13
A1XO7U772X6AAG,B00E3RH5W2,4.0,2013-12-30
A212MDP6K4VJS5,B004QK7HI8,5.0,2013-05-27
A13A45Q5UY8MBL,B0036RDVRI,4.0,2011-04-18
A2CH2HX82W1KYM,B0001FTVEK,5.0,2013-01-17
A38DKFG3HBFCOX,B00B7Q7D4M,2.0,2014-05-31
A3F76PAIBU53YC,B003ELYQGG,3.0,2013-12-27
A198FU6P1BVUNZ,B00006JPDI,5.0,2014-02-26
A3503WWKDSVXWF,B003QKBVYK,3.0,2013-06-14
A242MTHWO3T3GM,B000OGX5AM,5.0,2010-09-06
A3OBP99ZV5TG6C,B004I5BUSO,5.0,2013-07-07
A1YM2U6D8GBSZR,B007SM7O2U,4.0,2012-06-25
A1ESZMZZWUZCE1,B002MAPRYU,5.0,2014-01-08
ASR46ZD2TSNVX,B003XM9774,5.0,2011-10-12
A2J8T58Z4X15IO,B007C0Y8NQ,3.0,2012-05-23
A3B0HUYVGFCV46,B005X1Y7I2,5.0,2013-03-25
A3P9HWSQG4YWP3,B002V88HFE,5.0,2013-01-10
A24J1F3SFFMBMA,B002TLT10I,2.0,2014-01-20
AW03SE2R05T0E,B005FYNSPK,5.0,2013-02-24
AOMEH9W6LHC4S,B006W8U2MU,5.0,2013-08-23
A2C49JJVVXNLRP,B008HO9DK4,4.0,2014-05-30
A3LBSXXFXV4ASQ,B0093H4WT6,5.0,2013-04-30
A2EGYUNVA48BWY,B004ZGLM5W,5.0,2014-01-14
A2QYUZEU5DU1IN,B001NJ0D0Y,5.0,2014-07-18
ASCBJEPXTOU0V,B00212NO6W,5.0,2013-09-14
AWWSGS2MGAP3R,B00CROC9JC,1.0,2013-10-04
A2EUYA8Q5AT7O,B007I5JT4S,2.0,2012-04-27
A1HJISB0NCF2V0,B004SBBD8U,5.0,2013-01-18
A2H2YYSRTEI0O1,B001Q3MA80,5.0,2010-01-30
A27M75LRSJ788H,B000JMJWV2,5.0,2013-02-07
A1J75JJ0Q2OEJN,B004CLYEH8,5.0,2011-02-02
A3SMR4HRFJARSC,B004CZ9U96,5.0,2011-04-12
AT2J7H5TRZM8Z,B0000635UX,3.0,2002-11-10
A3VTOLNB5N6FVP,B007C0Y8NQ,4.0,2012-05-24
A506HOOCVL8GW,B0002KVQBA,5.0,2013-10-15
A3LKEPMO0PAOI3,B0013FRNKG,3.0,2012-02-06
A1F8F5LZ9GCHSB,B005FUNYSA,5.0,2012-06-20
A2V9DTXTQ5YIMK,B00FDLHNHO,5.0,2013-11-08
A4HV1JDH6VNMG,B006W8U2MU,5.0,2014-03-06
A11F60W72FUBH8,B008I646WG,5.0,2013-06-23
A1YP9BO80732WX,B00AWKC0JM,3.0,2013-10-17
A3ENX1Y48DJQVK,B000V1MLBE,5.0,2007-12-22
A3VX6DDDK0681Z,B007WTAJTO,5.0,2014-05-31
AOMVLDY12N1CQ,B000M87F0I,5.0,2013-01-08
AJI9AC44LCKOX,B006GWO5WK,5.0,2013-06-06
A22CW0ZHY3NJH8,B00GR3FMXE,4.0,2014-01-20
A3KG6JTUHHZVAV,B0011U65F2,5.0,2010-02-01
A2UZVC9I6G1LQK,B000I23TTE,5.0,2011-12-30
A32NCBR8D0XLWC,B0057OCDQS,3.0,2013-04-29
ANJY75Z24A6AG,B005DKZTMG,5.0,2013-02-09
AASSDFY9K6G2T,B000EW8074,4.0,2006-05-02
A10FRGQSF4E5KE,B006Y0YZZ6,5.0,2013-05-23
A34NE60YJ974D4,B003CJTR82,2.0,2012-12-05
A1WK48IM3A3ZV,B0049YQVHE,5.0,2012-10-23
A3QUG39UDJOPNB,B00AAU54TW,5.0,2012-05-28
A2QRXQPHDMFCQV,B00AQRUW4Q,3.0,2013-03-02
A15JPYV0L19RF,B002V88HFE,5.0,2013-01-20
A23GFTVIETX7DS,B00AQDG9BA,5.0,2013-05-21
A27B1U3OWCU14J,B005KJJKVG,2.0,2011-10-25
AG8YP2XTC5X1I,B002WE6D44,5.0,2014-02-21
A3DSXJDE6PAXHZ,B0056TYRMW,5.0,2014-05-23
A3DLTLE8PYXAE0,B00889ST2G,5.0,2014-06-16
A3HWQX1DMX66RH,B003R6U6HG,5.0,2012-12-04
A3TCP133W0BMW4,B0064DEI50,5.0,2013-07-18
A39H8B6CTVS93P,B0089ZV1WY,4.0,2013-03-09
A3A6GKV3QMYXS1,B001TUYTZM,5.0,2012-05-10
A25C2M3QF9G7OQ,B00GR3FMXE,5.0,2013-12-27
A3M6BTCC8AJ5PP,B003X1REPW,5.0,2012-04-13
ADAXXCMSLC0U9,B000CKVOOY,5.0,2013-05-29
A25WAAXBUN3MP2,B0057OCDQS,5.0,2013-12-26
A3VGTUB2MNYROV,B003P8X8L2,5.0,2011-10-03
A2BZWB9UPQCJFE,B002FFT8Z6,5.0,2013-03-16
A1F5O1USOUOOXI,B0099SMFP2,5.0,2013-03-28
A1NZKHZMSX3WK,B003L1ZYZ6,5.0,2013-09-11
A1QWVPTN456Y1T,B003ES5ZUU,5.0,2013-06-29
A1TND9THMFVTQG,B003D0ID8U,4.0,2013-04-27
A1GA6TGY8OLEDD,B000VIHFZ4,5.0,2009-08-29
A11GLQR8HQAA20,B0058AH2US,5.0,2012-06-12
A3LGV5JXFSBFTL,B00AWKC0JM,4.0,2014-05-10
A3EXIZWHSNVNME,B008ULPD0S,4.0,2013-01-21
A23OOB47YPF0CU,B00BGGDVOO,3.0,2014-06-04
A3KTWXWO9MYIYB,B009SYZ8OC,5.0,2013-10-02
A1G4NL0UEUCQW1,B00BGGDVOO,5.0,2014-05-09
A3EXDJ9BI8VAAD,B003LVZO8S,5.0,2013-09-30
AFBCMXAVE1UWK,B0043WJRRS,5.0,2013-02-07
A2VAD79S4A06DD,B0088CJT4U,5.0,2013-04-05
AE19NI258XFCN,B00AWKC0JM,4.0,2014-02-04
ADA48QJRB4NZ0,B002CMLDT6,5.0,2010-01-17
A1DH4PTG660JI1,B004HT6TS2,2.0,2012-04-05
A1JE04PMENX23K,B0075SUK14,5.0,2012-07-25
A14QZ4VSL4Y24E,B002ZAVVHY,5.0,2014-07-12
ASD9Y0W3LAG5J,B005EIGUD4,4.0,2013-01-25
A1OZ7I3DESX9NP,B004GF8TIK,5.0,2014-04-28
A6CES41QW3M2A,B0013G8PTS,5.0,2012-08-16
A1LRYHHKPI7VEU,B005DOK8NW,4.0,2012-11-30
A27YMV29BOMCV3,B000067RT6,2.0,2012-04-16
A1IM3J63CT82AZ,B00622AG6S,3.0,2013-05-14
A5FO9C7EDVSKG,B004GUS4WG,1.0,2012-09-19
A2HHDDYLFIQWYA,B003JTHN2W,5.0,2012-12-20
A1J0WCU5G1I2AD,B004GGK2JI,3.0,2011-03-30
AQM0K7MBBT4AY,B004CLYE8C,5.0,2011-08-16
A2UZ4PV7XYN016,B0067PLM5E,4.0,2012-01-13
A13LKNC6P4HFZO,B000CKVOOY,5.0,2013-03-29
A3BY5KCNQZXV5U,B003VAHYNC,5.0,2012-06-02
A2KDF6X8HNMPV6,B0047T79M2,5.0,2012-11-03
A20361V1Y2GZ5X,B00B588HY2,5.0,2013-12-13
A2M2HSP4AK22B0,B0007XJSQC,3.0,2013-04-17
A25ZJI4Z6WUT2W,B007WTAJTO,5.0,2013-08-26
A2EMA8VCDUSAGC,B008I646WG,5.0,2014-03-24
A311BT0MW8637Z,B0039NLS4C,5.0,2011-02-10
A390F07SOAS4NI,B004U78628,4.0,2011-09-12
A5N5DEJ0ZBU8V,B003Y32T68,4.0,2014-06-19
ALVYD6HBLYI0W,B00004Z0C7,5.0,2014-03-19
A1F4MJOW5947LT,B002SFDJMQ,5.0,2010-02-02
A24C1N7P1NFTRJ,B004Q3R9AQ,5.0,2011-10-31
A9T051NCT02QH,B00007KDVI,1.0,2006-01-07
A1KOOC0V1UWJJQ,B0041Q38NU,5.0,2013-09-11
ACIJCKBI2PKRB,B001D7REIK,5.0,2010-05-14
AFR9GYKAHM37U,B000S5Q9CA,5.0,2011-12-30
A2A6KDV8AGGBPE,B00F0DD0I6,2.0,2014-04-09
A1AKGL20V4UXKG,B001A4Q8JM,3.0,2013-03-26
AZWUYFJF3ZVX6,B00834SJSK,4.0,2013-11-17
A2DZ6ZZZU8REY1,B007MXGG5Q,5.0,2013-01-29
A1UINGIK3UG77D,B005GJC01C,5.0,2013-01-23
A25IHLWYOK158R,B002HWRJBM,5.0,2013-01-21
A1IW95OQV7A16I,B00B7MWQE8,4.0,2014-01-12
A3QNQQKJTL76H0,B008ULPD0S,4.0,2013-02-25
A2YAP5OEZOBIX4,B000YBH4YU,5.0,2014-05-16
A3BTH59BTHAWAK,B00D6PTMHI,4.0,2014-01-06
A160LKJBUSOVRL,B002WE6D44,4.0,2013-09-11
A23BF7PYYT23UK,B0062EUE54,5.0,2013-03-09
A2CY10DLP6U5MH,B00004T8R2,4.0,2011-12-07
A3284KYDZ00BZA,B00B2HCLL6,4.0,2013-05-11
AVPZEBTWAM0P3,B0019EHU8G,4.0,2012-03-21
A1YEPFLLH42OU1,B0037TEO3K,4.0,2013-06-27
A3IXXWSTNWCS4G,B0007U00XU,4.0,2007-03-13
A2OYGD3W1AZEB9,B009SYZ8OC,5.0,2013-09-27
A10H24TDLK2VDP,B0015DYMVO,4.0,2013-09-18
A2D3BBD9EQ7KVR,B0038P1TP4,4.0,2013-08-26
A3EDYCF19JDSTU,B005LFT3GG,5.0,2013-12-31
A1MFERJPS2ODR2,B0015AARJI,5.0,2013-10-02
A2UOHALGF2X77Q,B000JMJWV2,5.0,2008-11-20
A125YTPPTOD3XT,B00D856NOG,5.0,2014-05-02
A2VWZPAUWVXUDM,B0034CL2ZI,5.0,2013-07-03
ABQWMANK4AR63,B006EKIQYM,5.0,2012-04-25
A2AXGINPRJJYK5,B003ES5ZR8,5.0,2014-05-12
AVPIWQ1RDOIUA,B001B1AR50,5.0,2013-01-14
A21WBLB8KAFE1U,B00007GQLS,5.0,2005-07-20
A11GLQR8HQAA20,B000JE7GPY,5.0,2014-04-09
AQSW6WDVCJGB8,B004CLYE8C,4.0,2012-11-17
A1O97WKID9L3IA,B00AWKC0JM,5.0,2014-05-08
A17DFH1S1KKKSO,B003U7URH6,5.0,2013-04-22
A2NOW4U7W3F7RI,B00AZW4MYI,5.0,2014-01-25
A1VB3ELNSUGULE,B0043WJRRS,5.0,2012-04-28
A13PH4SEO083YQ,B00CEZQ8FA,5.0,2012-12-13
A38BE06WWL20AY,B000092YQW,3.0,2004-01-06
A3DQB0J9N7S69Q,B009O7YUF6,5.0,2014-05-31
A3S9DOTT4Z8JF9,B00C8OT7FK,3.0,2014-01-03
A3P3XP70BMBX06,B005EIGUD4,4.0,2013-08-17
A18BRSDLJQL10D,B0047T79M2,5.0,2014-02-18
A6N6FELD4DTW3,B0043WJRRS,5.0,2014-02-12
A2MAE2ZD37KE23,B006TT91TW,5.0,2013-03-01
A3EXWV8FNSSFL6,B008DWCRQW,5.0,2013-07-12
A2AF0NOCM71J0B,B00829TIA4,5.0,2013-03-20
A3MUSWDCTZINQZ,B008ULPA2O,4.0,2013-01-26
A6XLG77BC9R8R,B000VIHFZ4,5.0,2008-11-07
A1A32UA1KVNJ3Q,B00E3RH5W2,3.0,2014-07-22
A3AWV00ZU7MSK1,B004CZ9U96,5.0,2011-04-05
A18P24G26MBH54,B00017LSPI,5.0,2014-05-20
A1BVE2ZIBKJ7YI,B0087NZ31S,5.0,2012-11-15
A2P3IE6KYP2UFI,B00HPM1FZ0,4.0,2014-03-24
A3DU5DKEJLWTB2,B00DR0PDNE,2.0,2014-04-16
A2H85E1KGIC83Y,B004D8NZ52,5.0,2013-12-19
ABK33U7YRNOFV,B002SZEOLG,4.0,2014-05-21
A2HIIGS4ZGEYZP,B001ENYQT8,5.0,2013-03-04
A3VEFQ25OSXMOQ,B003ES5ZUU,5.0,2013-03-15
A29Y85LOFTA02O,B00AAKLFHM,5.0,2013-08-09
A5JLAU2ARJ0BO,B003Y74AXO,2.0,2011-03-02
A33KTZZRC1Y1YN,B003S6AXVO,5.0,2014-06-15
A3RT91BFHYZ8Y5,B001NJ0D0Y,5.0,2012-12-20
A2EBL4LF1O5V5X,B0030MITDK,5.0,2010-04-28
A2TMFC9O3ZCNKE,B009LL9VDG,5.0,2013-11-02
ARADXCOUVBS09,B00834SJNA,5.0,2012-06-28
A9UEVK9QBA0B3,B003ELYQGG,5.0,2013-07-07
A2ZSU1O7QSIH10,B004G6002M,2.0,2013-04-07
A3LP5N3V2Y0DFM,B002U1Z9BC,4.0,2013-07-07
A22WDNLXFIETW5,B00COGDERY,4.0,2013-09-27
A3NH30B70DU5IH,B002FYL7PG,5.0,2014-02-15
A13LKNC6P4HFZO,B004G6002M,5.0,2012-12-13
AW6FQE5QRF2LM,B00APCMMDG,5.0,2014-02-27
ANI2DLYE36P2J,B001NJ0D0Y,5.0,2013-10-30
A2ME1L7ZCJFQOH,B003VAM32E,3.0,2013-10-04
A32NY5D9QT8PGE,B007I5JT4S,5.0,2012-09-13
A242OC1ZJ7CY11,B000812QC6,4.0,2014-02-09
AP6M728REMY04,B00001P4XA,2.0,2003-09-19
A22200AUZF7RW5,B006W8U2MU,5.0,2013-05-10
A4S2GMZIQKEHY,B003XIJ3MW,5.0,2012-12-19
A2NOZGU36O4I7O,B005E7KMH0,5.0,2014-06-23
A2KMDFXNRL4UB5,B001QTXL82,4.0,2009-04-24
A224KM22RQ5CD4,B0040702HA,3.0,2011-03-07
A2XIOXRRYX0KZY,B000A6PPOK,4.0,2013-12-18
A6FIAB28IS79,B00029U1DK,4.0,2010-04-08
A1BGEIDHA0L9B6,B000JNQSIQ,5.0,2014-04-22
A3SS042FJQJN39,B003EO1H7E,3.0,2013-11-05
A1Z4RCM7PAM07X,B000JMJWV2,1.0,2010-08-05
A39WYMQ41RNQYH,B000OEV88K,3.0,2014-04-11
A3B0HUYVGFCV46,B0046RE21G,5.0,2014-01-22
A10QWQ0IY1OUNM,B00I03J1HM,5.0,2014-07-10
A19U0I5I48440J,B0002L5R78,5.0,2011-06-29
A18S1XGURAYMXS,B00BGGDVOO,5.0,2014-01-03
A3MONMGU3V8652,B001B1AR50,5.0,2013-06-18
A7JLMLNA8ETD1,B001XURP7W,5.0,2013-08-18
A3LV8JJF1KK7O8,B003ELYQGG,4.0,2013-10-22
A2NSMJVQY0RV9S,B001GNCWCE,5.0,2011-09-12
A1WJ3P43SZUNDM,B001TH7GUU,5.0,2012-10-06
A12XDEMP7PQPDT,B005HMKKH4,5.0,2013-09-13
A680RUE1FDO8B,B000219896,5.0,2007-09-28
AFUQVM5CFSXA,B000S5Q9CA,5.0,2011-05-29
AR3U018DZIII1,B00723PZ2G,5.0,2013-12-18
A1N9FGKG9U0FG6,B0074BW614,5.0,2013-10-31
A1ZU55TM45Y2R8,B004TPJKEY,3.0,2011-11-30
A2Y1QZA3AGBJQI,B003DZ165W,5.0,2012-12-30
AJQ6WH5UGGOIV,B003MVMTDA,5.0,2014-03-31
A25GGWGD3AWNVN,B0007MXZB2,2.0,2014-03-12
AH3YOVIN6PXOE,B002RCNX8K,3.0,2014-05-21
A3QNQQKJTL76H0,B00829THK0,5.0,2013-05-15
A1IN6UFBCST73K,B004CG11SS,5.0,2013-12-12
A2VAD79S4A06DD,B00HGLOQ24,4.0,2014-06-23
A3BOVSPUA2BJSB,B001IOHAVO,4.0,2009-05-15
A17EFGL6NCKPKI,B001S2PPT0,3.0,2010-05-17
A31RULW0KNYJ5H,B00884WH74,3.0,2013-02-17
ARZV4QKG5AJ9,B003Y5T464,1.0,2013-02-08
A33LQYE3K7S3LT,B001ELK2NY,4.0,2009-05-28
A2DAKCK6BSAEPO,B00DVFLJDS,5.0,2014-07-10
A309XDJNYKCFJE,B004XC6GJ0,4.0,2013-08-31
A15LN0MCHSJD52,B002SZEOLG,5.0,2014-01-25
A1VWHAGB0F89OK,B001E1Y5O6,4.0,2014-06-17
A3FZ16U9EAEDFD,B002MAPRYU,5.0,2012-12-14
A24XBTW4TQ6HK4,B0041Q38NU,5.0,2013-06-16
A24J1F3SFFMBMA,B0058UUR6E,5.0,2014-06-07
A1XXHE5G95PZ8X,B006TT91TW,5.0,2013-01-11
A2TUXUOKJHAYCI,B001QUA6RA,4.0,2014-01-09
A287547UH1VBJ7,B00BGA9WK2,5.0,2014-06-08
A22PUBSSNP54L,B0088CJT4U,4.0,2013-04-16
A6FIAB28IS79,B004J3V7RO,5.0,2014-01-27
A1PVX61PRPVX27,B00DTPYRTI,5.0,2014-02-19
A26LD9FQHTM8ZH,B001OMH1JQ,5.0,2009-06-15
A3JICJL5MWV58H,B00622AG6S,5.0,2013-06-11
A1FNHYW3VEWM0A,B003XM9774,5.0,2014-04-09
A1L5TA5UQF7EWE,B00CSIOLXY,5.0,2013-10-22
A12V4QGBVTH2BC,B003P8X8L2,1.0,2012-09-27
A3F0OD61W7REVX,B004ZGLM5W,5.0,2013-01-11
AJEHVSA6A6QEW,B000EN81ZE,4.0,2006-07-05
A3VYCWBO41LI0R,B001TH7GUU,5.0,2014-06-12
A18T2SH9RNTQFP,B0074BW614,5.0,2013-05-19
A3C67YYQ9S1BEE,B002J9HBIO,4.0,2013-08-22
A1AARD3V8DIVBS,B004GF8TIK,5.0,2013-02-24
A12DQZKRKTNF5E,B005LDLP8W,5.0,2013-09-07
A2KJUDXYN2BTDX,B003ES5ZR8,5.0,2011-01-12
A19L60W2D97K0A,B0011ZK6PC,5.0,2010-08-22
AEVHM9T2YWQJO,B00EVVGAC6,3.0,2014-03-25
A17R9HPXLAXB92,B00D6PTMHI,5.0,2014-04-08
A17Z0LVY96TO53,B001GNCWCE,5.0,2012-09-25
A3M9JJ97RF0ACZ,B0055YB5IC,5.0,2014-04-27
AN503ACH2N949,B002V8C3W2,5.0,2012-02-14
A1LXP1LJ6HZ65F,B004GF8TIK,5.0,2013-12-22
A26SBERFSTW1UC,B0015AARJI,5.0,2013-08-17
A2WXOQN5BM8WB4,B004T9RR6I,5.0,2013-08-21
AK6FTDBW6WCLC,B0018DKODQ,4.0,2009-08-20
A17DFH1S1KKKSO,B004RKQM8I,4.0,2013-06-03
A1XC7HPEYN7RKS,B002ZAVVHY,5.0,2014-05-15
A2Z3QIE14L69BT,B0019EHU8G,5.0,2012-05-09
AK5SUC6HADAVZ,B003ZX8B3W,5.0,2011-08-17
A3H8GKR249RWAC,B00004THCZ,4.0,2006-11-04
A1DOGPO9VV2BGK,B0002SQ2P2,5.0,2011-02-02
A12SSZIN555FTL,B005CWJB5G,5.0,2012-12-08
A2CLLFAJUNN36W,B005X1Y7I2,5.0,2014-02-20
A3CW0ZLUO5X2B1,B00829THK0,4.0,2012-06-25
A1BU9UO0VJ4CCL,B002WE6D44,5.0,2013-12-18
ATQ0GLFRWK3ZU,B00746W3HG,5.0,2013-08-26
A2AKSW3HHQV577,B008UNSPO2,1.0,2012-09-24
A1M9126YPQPS3L,B004Q3R9AQ,4.0,2011-09-22
A1BPPZINVQ2CE6,B003ES5ZQE,5.0,2011-02-06
A3MD9QAR4NT9OW,B004KU0RJK,5.0,2013-01-12
A1SC5OXLQNGPLN,B002S53LJ2,5.0,2013-12-10
A2BMZRO0H7TFCS,B004CLYEE6,3.0,2012-09-17
A25IHLWYOK158R,B002HWRJY4,3.0,2013-01-31
ASYR53USKT806,B005FYNSPK,5.0,2014-05-06
A2LEK0N9TKQUM2,B001DVZXC0,4.0,2012-11-20
A2PY335744U7GY,B002K42W50,5.0,2012-02-17
A1HSM98KUGTHNY,B004Q0PT3I,4.0,2011-09-12
A3EO5YAU65KOH,B00IF70QCW,5.0,2014-04-15
A32S1VKUHL20N9,B000O8I474,4.0,2014-02-14
AY8S0ZSMVGYBG,B0037TEO3K,3.0,2011-02-22
A3U41ZL33SS92P,B00172M8HS,4.0,2011-12-09
A1MQQEM7W77L62,B001F7AHOG,5.0,2010-05-14
A2AWS5OKTTB58K,B009SYZ8OC,3.0,2013-11-11
AO8F2P769YIA9,B0097FM3PE,5.0,2013-05-24
ASWWJ7QM1HD39,B003ELYQGG,4.0,2013-04-17
AYY2XL3W5D68G,B000LRMS66,5.0,2013-12-04
A2AL3G901ZFFVE,B00B7MWQE8,5.0,2014-01-01
A2VRYQBXSTA424,B0017JY5FE,4.0,2013-12-11
A24FVSUBIL35B,B002FFT8Z6,3.0,2012-05-05
A3OL0OZTKT08WO,B000BMBT5M,4.0,2007-11-20
AHIDOAZZVH2PY,B00009XVCZ,5.0,2011-07-12
A1INE33UQ1B4Q3,B002CMLDT6,5.0,2010-01-02
A31N0XY2UTB25C,B000067RT6,5.0,2011-03-08
AS51UE9YQ03A7,B000R9AAJA,4.0,2009-12-06
AAQ9NJ480N9W5,B0043WJRRS,5.0,2014-04-14
A32M839FVEXDKL,B009SYZ8OC,1.0,2014-07-06
A12DHI42CBTWFS,B00BGGDVOO,3.0,2014-02-04
A3IUPH8002HIVU,B00AANMVNQ,5.0,2014-04-12
AM4A22NQXPCI8,B007Q45EF4,5.0,2013-02-24
A1ZU55TM45Y2R8,B008ULPA2O,4.0,2013-01-24
A32SUT7ZBZ1IGA,B00H1OQX6I,5.0,2014-06-28
ASWWJ7QM1HD39,B007WTAJTO,3.0,2014-02-19
A2ZYPZRUMHEM6I,B004R7A9YE,5.0,2013-12-28
A3IY97S7SAUBF4,B008KVUAGU,5.0,2013-11-18
AXV5IWNDCEL76,B003HFCDLY,5.0,2013-03-13
A1B80MVU7ZODF9,B003ZUIHY8,3.0,2011-11-14
A2ZLTS9XSNSB7F,B003GIJTR8,5.0,2012-03-25
A8LNR9TEDXO0R,B0009OD4CS,4.0,2007-08-08
A1JA1P53VHJ023,B000JNQSIQ,5.0,2012-11-10
ABLI32M2CZOLW,B002MAPRYU,5.0,2014-04-26
A2HRHF83I3NDGT,B0041Q38NU,4.0,2013-11-27
A1IN6UFBCST73K,B00081A2KY,5.0,2012-05-18
A2L1T6Y8POZWCI,B0012S4APK,5.0,2014-02-19
A1TIAMZ30UHLI4,B002HGFKR8,1.0,2014-03-04
A1FNHDWSN2KA0G,B004U78628,5.0,2011-05-10
A79QM6CCSZNLF,B001Q3MA80,5.0,2009-06-23
A2CO08JO8ENBXE,B0013FRNKG,3.0,2011-10-07
A59HY11LFMSL8,B000067SPR,5.0,2009-04-08
A2KP4GAQZ7FJWC,B00CMQTVK0,5.0,2013-11-22
